Database ID,Database Title,Page ID,Page Title,Summary
26abf87d-7134-8012-abf3-fda37db49dcd,Time lines (1),26abf87d-7134-8087-956a-cf827b8fa383,Engineering,
8072b604-2085-499d-b017-419ebe8a8c1e,KNOCCS Feature Roadmap,274bf87d-7134-80e3-afd1-dc0fcf443f34,AI Co-pilot,
8072b604-2085-499d-b017-419ebe8a8c1e,KNOCCS Feature Roadmap,271bf87d-7134-801a-ac36-e971c75a127a,Timeline Template,
8072b604-2085-499d-b017-419ebe8a8c1e,KNOCCS Feature Roadmap,26abf87d-7134-8027-87bc-d5c54e88e715,Timeline Template,
8072b604-2085-499d-b017-419ebe8a8c1e,KNOCCS Feature Roadmap,26abf87d-7134-8049-9a51-cb8b5b1c040b,Special instruction & notes in company 360,
8072b604-2085-499d-b017-419ebe8a8c1e,KNOCCS Feature Roadmap,26abf87d-7134-80bf-a3ae-f0c8f058c03b,Timeline Template,
8072b604-2085-499d-b017-419ebe8a8c1e,KNOCCS Feature Roadmap,26abf87d-7134-80d6-bc02-e538dbdab841,User homescreen,
8072b604-2085-499d-b017-419ebe8a8c1e,KNOCCS Feature Roadmap,26abf87d-7134-80f9-91b6-c2d4ba1fedee,Tasks,
8072b604-2085-499d-b017-419ebe8a8c1e,KNOCCS Feature Roadmap,262bf87d-7134-80c4-99c2-d20142bec828,New Roles & Functions,
8072b604-2085-499d-b017-419ebe8a8c1e,KNOCCS Feature Roadmap,261bf87d-7134-8034-9b06-fe8c96c51694,Severity and Sentiment Analysis,
8072b604-2085-499d-b017-419ebe8a8c1e,KNOCCS Feature Roadmap,24ebf87d-7134-8016-a694-ce0ce9b03262,Timeline Template,
8072b604-2085-499d-b017-419ebe8a8c1e,KNOCCS Feature Roadmap,24ebf87d-7134-80b6-8909-e315c4563567,Timeline Template,
8072b604-2085-499d-b017-419ebe8a8c1e,KNOCCS Feature Roadmap,241bf87d-7134-80ea-9056-fe52468a07ca,User home screen,
8072b604-2085-499d-b017-419ebe8a8c1e,KNOCCS Feature Roadmap,23fbf87d-7134-8029-9d94-efd8f2712960,Timeline Template,
8072b604-2085-499d-b017-419ebe8a8c1e,KNOCCS Feature Roadmap,22cbf87d-7134-8083-b594-c54a19bcc171,Timeline Template,
8072b604-2085-499d-b017-419ebe8a8c1e,KNOCCS Feature Roadmap,22cbf87d-7134-8081-97e1-d5215d34bd59,"Conversation Sorting, Looped In and Notifications Revamp",
8072b604-2085-499d-b017-419ebe8a8c1e,KNOCCS Feature Roadmap,229bf87d-7134-808c-bdbb-d94f5f761cbe,Gmail Integration,
8072b604-2085-499d-b017-419ebe8a8c1e,KNOCCS Feature Roadmap,209bf87d-7134-80aa-84fb-f065c1df6e6a,Sentiment Analysis,
8072b604-2085-499d-b017-419ebe8a8c1e,KNOCCS Feature Roadmap,209bf87d-7134-80c1-a86b-d9470676e071,SLAâ€™s change in logic,
8072b604-2085-499d-b017-419ebe8a8c1e,KNOCCS Feature Roadmap,209bf87d-7134-8048-b422-fddecd1b87ed,Grid views (Company+People),
8072b604-2085-499d-b017-419ebe8a8c1e,KNOCCS Feature Roadmap,209bf87d-7134-80e7-91ab-f55a4081a430,Customer Journey,
8072b604-2085-499d-b017-419ebe8a8c1e,KNOCCS Feature Roadmap,1ecbf87d-7134-80da-bfe4-c7fd3d2928b6,Company 360 Profile,
8072b604-2085-499d-b017-419ebe8a8c1e,KNOCCS Feature Roadmap,1d5bf87d-7134-80b9-8274-ec26ab1480a7,Realtime-Events,
8072b604-2085-499d-b017-419ebe8a8c1e,KNOCCS Feature Roadmap,1bcbf87d-7134-80f0-978c-d2c8e73c765c,Escalation,
8072b604-2085-499d-b017-419ebe8a8c1e,KNOCCS Feature Roadmap,1bcbf87d-7134-80c7-a5d8-ce5e7359db68,Zendesk Integration ,
8072b604-2085-499d-b017-419ebe8a8c1e,KNOCCS Feature Roadmap,1bcbf87d-7134-8034-9a47-e85f23f52d3d,Custom fields,
8072b604-2085-499d-b017-419ebe8a8c1e,KNOCCS Feature Roadmap,1babf87d-7134-80f6-a6af-ccf2ab778453,Loop-In (Collaboration),
8072b604-2085-499d-b017-419ebe8a8c1e,KNOCCS Feature Roadmap,1a4bf87d-7134-80c7-ae51-f790207fa6ea,Notes PRD,
8072b604-2085-499d-b017-419ebe8a8c1e,KNOCCS Feature Roadmap,197bf87d-7134-80f9-b50b-de64125c35cd,Custom Filters Conversations,
8072b604-2085-499d-b017-419ebe8a8c1e,KNOCCS Feature Roadmap,18abf87d-7134-805b-bd2a-f7be0620f4fd,Setting up team spaces,
8072b604-2085-499d-b017-419ebe8a8c1e,KNOCCS Feature Roadmap,18abf87d-7134-8050-8a5a-df430e6fe33c,Email Plugin (Extension for Gmail | Outlook),
8072b604-2085-499d-b017-419ebe8a8c1e,KNOCCS Feature Roadmap,18abf87d-7134-8011-92e9-eec508f350aa,Tasks feature,
8072b604-2085-499d-b017-419ebe8a8c1e,KNOCCS Feature Roadmap,184bf87d-7134-8038-9342-f842f1cdd7b2,Old Draft | Revamping Pre launch,
8072b604-2085-499d-b017-419ebe8a8c1e,KNOCCS Feature Roadmap,176bf87d-7134-800b-a5f6-e2357d887bc8,Remaining items for every feature-priortisation,
8072b604-2085-499d-b017-419ebe8a8c1e,KNOCCS Feature Roadmap,170bf87d-7134-801e-805e-d6e301865082,Revamping Pre launch,
8072b604-2085-499d-b017-419ebe8a8c1e,KNOCCS Feature Roadmap,15bbf87d-7134-8063-a0d6-f3e1a8de9600,Personal inbox ,
8072b604-2085-499d-b017-419ebe8a8c1e,KNOCCS Feature Roadmap,150bf87d-7134-802d-9070-ce26159c85ad,Settings Edge Cases + Affirmations+toasts,
8072b604-2085-499d-b017-419ebe8a8c1e,KNOCCS Feature Roadmap,138bf87d-7134-806e-bfc8-c24d11fd62d6,"Packaging (login, signup etc)",
8072b604-2085-499d-b017-419ebe8a8c1e,KNOCCS Feature Roadmap,137bf87d-7134-8041-afa5-f8727d91a829,Macros,
8072b604-2085-499d-b017-419ebe8a8c1e,KNOCCS Feature Roadmap,137bf87d-7134-806a-9cf4-f0fce0d0b767,Tags,
8072b604-2085-499d-b017-419ebe8a8c1e,KNOCCS Feature Roadmap,137bf87d-7134-80b1-818f-de0dd181b786,Lookback,
8072b604-2085-499d-b017-419ebe8a8c1e,KNOCCS Feature Roadmap,137bf87d-7134-8022-ba40-ee132d55c51a,Recent Search,
8072b604-2085-499d-b017-419ebe8a8c1e,KNOCCS Feature Roadmap,135bf87d-7134-80c1-aa45-f02b9135fb29,Account Settings ,
8072b604-2085-499d-b017-419ebe8a8c1e,KNOCCS Feature Roadmap,12ebf87d-7134-80df-86be-cd9995365aab,Design System Revamp,
8072b604-2085-499d-b017-419ebe8a8c1e,KNOCCS Feature Roadmap,126bf87d-7134-8013-86f0-d14e657dbfda,User Management,
8072b604-2085-499d-b017-419ebe8a8c1e,KNOCCS Feature Roadmap,122bf87d-7134-8033-989e-d6c72ca417c3,Company Hub,
8072b604-2085-499d-b017-419ebe8a8c1e,KNOCCS Feature Roadmap,122bf87d-7134-805b-bc3a-c9b7c36b0566,Workflow management (Backend only),
8072b604-2085-499d-b017-419ebe8a8c1e,KNOCCS Feature Roadmap,d3dfc014-42e4-4af7-bc97-3b904821f1a9,Notifications,
8072b604-2085-499d-b017-419ebe8a8c1e,KNOCCS Feature Roadmap,3a3fb303-14dc-44f0-8e7b-99e31620ac06,War room,
8072b604-2085-499d-b017-419ebe8a8c1e,KNOCCS Feature Roadmap,6c5ce3b4-bf70-4124-80d1-7f91ae6bd39a,Agent Flow,
8072b604-2085-499d-b017-419ebe8a8c1e,KNOCCS Feature Roadmap,877f8f64-478f-49f4-82e5-2d03f3ba4c27,Positive/Negative Reinforcement,
8072b604-2085-499d-b017-419ebe8a8c1e,KNOCCS Feature Roadmap,a646f011-cd66-405b-9d44-b3bc046f0e04,Manager Flow - inbox,
8072b604-2085-499d-b017-419ebe8a8c1e,KNOCCS Feature Roadmap,67ded793-393b-4d21-93d0-7168339f2c2f,Combined feature,
8072b604-2085-499d-b017-419ebe8a8c1e,KNOCCS Feature Roadmap,7547f3cc-e86c-431d-8a0c-20c9977c5dab,Contacts,
8072b604-2085-499d-b017-419ebe8a8c1e,KNOCCS Feature Roadmap,8e4a5c24-bd08-4a44-8a0e-110c4995e7d9,Manager Flow - Client (archived),
8072b604-2085-499d-b017-419ebe8a8c1e,KNOCCS Feature Roadmap,f3c548b1-605a-4a03-9155-d5b32e5cb574,Search,
229bf87d-7134-8073-9678-e75c6bd1c5e4,Time lines (1),229bf87d-7134-8046-828b-f1006b1a4fba,Engineering,
271bf87d-7134-8058-93f5-db83ec7f0395,Time lines (1),271bf87d-7134-80cd-9d8c-ec39a79b580b,Engineering,
19fbf87d-7134-805a-85e4-f8c781fcc0e1,Playbooks,1fabf87d-7134-80f5-9f87-ec4bc3fb2891,Untitled,
19fbf87d-7134-805a-85e4-f8c781fcc0e1,Playbooks,1fabf87d-7134-8055-853e-f28adbabdb62,Untitled,
19fbf87d-7134-805a-85e4-f8c781fcc0e1,Playbooks,1f9bf87d-7134-801a-a648-cb3916e715fd,Untitled,
19fbf87d-7134-805a-85e4-f8c781fcc0e1,Playbooks,1f9bf87d-7134-8088-9e19-e18a0e4cdee7,Untitled,
19fbf87d-7134-805a-85e4-f8c781fcc0e1,Playbooks,1f9bf87d-7134-802b-b77d-cb4f7c4a58ba,Untitled,
19fbf87d-7134-805a-85e4-f8c781fcc0e1,Playbooks,19fbf87d-7134-8055-8c85-de033b84154c,Untitled,
214bf87d-7134-809d-8e41-ed4e80cce25e,Knoccs Pipeline ,257bf87d-7134-8037-9f25-db68ac82a3ba,Untitled,Founders club
214bf87d-7134-809d-8e41-ed4e80cce25e,Knoccs Pipeline ,217bf87d-7134-8010-b98e-d427e3f9e78b,Untitled,Non ICP
214bf87d-7134-809d-8e41-ed4e80cce25e,Knoccs Pipeline ,217bf87d-7134-8020-8d5a-deff39d14244,Untitled,Founders Club
214bf87d-7134-809d-8e41-ed4e80cce25e,Knoccs Pipeline ,217bf87d-7134-8089-bdf5-e12c99961566,Untitled,Founders Club
214bf87d-7134-809d-8e41-ed4e80cce25e,Knoccs Pipeline ,217bf87d-7134-80f5-8f09-da959294a82b,Untitled,Startup Plan
214bf87d-7134-809d-8e41-ed4e80cce25e,Knoccs Pipeline ,217bf87d-7134-801a-a8fe-e8f48c884af0,Untitled,Founders Club
214bf87d-7134-809d-8e41-ed4e80cce25e,Knoccs Pipeline ,217bf87d-7134-806f-9a6e-dceeff8d5655,Untitled,Internal /Non ICP
1f9bf87d-7134-80cf-8964-e7a7c008557c,Knoccs Outreach Tracking,26cbf87d-7134-80bb-8a99-c0f6bb7cf76f,Untitled,"Prelaunch, B2C"
1f9bf87d-7134-80cf-8964-e7a7c008557c,Knoccs Outreach Tracking,268bf87d-7134-80e2-9840-d9511e262b39,Untitled,ICP but have tools 
1f9bf87d-7134-80cf-8964-e7a7c008557c,Knoccs Outreach Tracking,268bf87d-7134-8009-a047-c69afcda28ab,Untitled,ICP match but systems in place
1f9bf87d-7134-80cf-8964-e7a7c008557c,Knoccs Outreach Tracking,263bf87d-7134-80bc-b5a6-c812c7260d29,Untitled,"ICP match, startup, B2B Saas"
1f9bf87d-7134-80cf-8964-e7a7c008557c,Knoccs Outreach Tracking,262bf87d-7134-802f-b4ee-e599bcc3baea,Untitled, Have built an internal solution
1f9bf87d-7134-80cf-8964-e7a7c008557c,Knoccs Outreach Tracking,25abf87d-7134-805f-b1b9-f634ed11056f,Untitled,Services company
1f9bf87d-7134-80cf-8964-e7a7c008557c,Knoccs Outreach Tracking,25abf87d-7134-8011-9548-f9ecc9b43d92,Untitled,Product company for restaurant management
1f9bf87d-7134-80cf-8964-e7a7c008557c,Knoccs Outreach Tracking,24ebf87d-7134-80d8-9345-f6220fc11b18,Untitled,Services company
1f9bf87d-7134-80cf-8964-e7a7c008557c,Knoccs Outreach Tracking,240bf87d-7134-8006-b871-e5ad2bd0b88c,Untitled,Services company with retainer/long term engagement with clients and manual processes
1f9bf87d-7134-80cf-8964-e7a7c008557c,Knoccs Outreach Tracking,233bf87d-7134-8045-ac0c-cb14e1bd84f2,Untitled,"ICP match, services company with long term engagement with clients"
1f9bf87d-7134-80cf-8964-e7a7c008557c,Knoccs Outreach Tracking,22bbf87d-7134-80b3-b21f-c18c65e34b7b,Untitled,
1f9bf87d-7134-80cf-8964-e7a7c008557c,Knoccs Outreach Tracking,224bf87d-7134-8055-bee3-c742d76afcd5,Untitled,ICP match but uses G-suite
1f9bf87d-7134-80cf-8964-e7a7c008557c,Knoccs Outreach Tracking,223bf87d-7134-8022-a9e8-ea5582d6a860,Untitled,"Need Tasks, reporting, data privacy and role management"
1f9bf87d-7134-80cf-8964-e7a7c008557c,Knoccs Outreach Tracking,21fbf87d-7134-8062-9386-f929a9b54318,Untitled,Needs g suite and group email support
1f9bf87d-7134-80cf-8964-e7a7c008557c,Knoccs Outreach Tracking,21ebf87d-7134-8036-a5e5-c087d983ba42,Untitled,"ICP, but already bought another tool"
1f9bf87d-7134-80cf-8964-e7a7c008557c,Knoccs Outreach Tracking,21ebf87d-7134-80a4-ada0-ec787cb84ec4,Untitled,ICP but uses G-suite
1f9bf87d-7134-80cf-8964-e7a7c008557c,Knoccs Outreach Tracking,218bf87d-7134-8014-86dc-fe913d7bd9c4,Untitled,ICP
1f9bf87d-7134-80cf-8964-e7a7c008557c,Knoccs Outreach Tracking,218bf87d-7134-80b9-a897-f90f7e0cc13e,Untitled,ICP 
1f9bf87d-7134-80cf-8964-e7a7c008557c,Knoccs Outreach Tracking,216bf87d-7134-80fb-8a12-c0e72f2d71ef,Untitled,Focus is on live chat hence dont find value in Knoccs today
1f9bf87d-7134-80cf-8964-e7a7c008557c,Knoccs Outreach Tracking,216bf87d-7134-80f9-8804-c5b15502da85,Untitled,Needs gmail
1f9bf87d-7134-80cf-8964-e7a7c008557c,Knoccs Outreach Tracking,216bf87d-7134-80d9-a36b-c0d015280f4b,Untitled,Needs gmail
1f9bf87d-7134-80cf-8964-e7a7c008557c,Knoccs Outreach Tracking,215bf87d-7134-8004-b763-c1c667d66d08,Untitled,Needs Gmail and Whatsapp channel
1f9bf87d-7134-80cf-8964-e7a7c008557c,Knoccs Outreach Tracking,214bf87d-7134-80e5-89b8-c3bde7739b74,Untitled,Not direct ICP
1f9bf87d-7134-80cf-8964-e7a7c008557c,Knoccs Outreach Tracking,211bf87d-7134-801f-bcdf-fc2d5cd97f20,Untitled,Not our ICP
1f9bf87d-7134-80cf-8964-e7a7c008557c,Knoccs Outreach Tracking,1f9bf87d-7134-807d-87a5-c62ebdda47a6,Untitled,"Not a complete ICP match, but interested "
1f9bf87d-7134-80cf-8964-e7a7c008557c,Knoccs Outreach Tracking,1f9bf87d-7134-811a-9e4d-f0a23bc2ffc0,Untitled,ICP Match
1f9bf87d-7134-80cf-8964-e7a7c008557c,Knoccs Outreach Tracking,1f9bf87d-7134-812a-94bd-ff1fefb59d01,Untitled,Not our ICP
1f9bf87d-7134-80cf-8964-e7a7c008557c,Knoccs Outreach Tracking,1f9bf87d-7134-8188-a372-eafeebbffa6f,Untitled,ICP Match- for future
1f9bf87d-7134-80cf-8964-e7a7c008557c,Knoccs Outreach Tracking,1f9bf87d-7134-8194-847a-ebb817eefff2,Untitled,Potential ICP
1f9bf87d-7134-80cf-8964-e7a7c008557c,Knoccs Outreach Tracking,1f9bf87d-7134-8145-8d0c-cdb597883dc1,Untitled,Needs more features/Gmail
1f9bf87d-7134-80cf-8964-e7a7c008557c,Knoccs Outreach Tracking,1f9bf87d-7134-81a0-bb67-e16a3e70d550,Untitled,"Requires a more complex tool, have old systems"
1f9bf87d-7134-80cf-8964-e7a7c008557c,Knoccs Outreach Tracking,1f9bf87d-7134-81ab-b975-cf598c87dde1,Untitled,Strong tech stack and established systems
1f9bf87d-7134-80cf-8964-e7a7c008557c,Knoccs Outreach Tracking,1f9bf87d-7134-81ed-8308-d9f6fd806673,Untitled,Not our ICP/Services
1f9bf87d-7134-80cf-8964-e7a7c008557c,Knoccs Outreach Tracking,1f9bf87d-7134-8112-84bc-d4623d623291,Untitled,Needs self serve. AI based solution
1f9bf87d-7134-80cf-8964-e7a7c008557c,Knoccs Outreach Tracking,1f9bf87d-7134-811a-b67d-c78bee886e41,Untitled,Need whatsapp
1f9bf87d-7134-80cf-8964-e7a7c008557c,Knoccs Outreach Tracking,1f9bf87d-7134-81d8-9657-ca454bb63785,Untitled,"Gmail users, ICP match for segment 0"
1f9bf87d-7134-80cf-8964-e7a7c008557c,Knoccs Outreach Tracking,1f9bf87d-7134-812c-8750-d6ac45d36a9e,Untitled,"PLG flows, high dependency on live chat"
1f9bf87d-7134-80cf-8964-e7a7c008557c,Knoccs Outreach Tracking,1f9bf87d-7134-8143-9152-f4ff444254de,Untitled,"ICP match- have customised zoho, will require more features"
168bf87d-7134-8041-946c-cb446d964b7f,Asset Library,271bf87d-7134-806e-9159-f536027df99d,Untitled,
168bf87d-7134-8041-946c-cb446d964b7f,Asset Library,209bf87d-7134-80b8-8caf-ed85b5bc1ddb,Untitled,
168bf87d-7134-8041-946c-cb446d964b7f,Asset Library,1abbf87d-7134-80ff-8ed3-d4036f79c853,Untitled,
168bf87d-7134-8041-946c-cb446d964b7f,Asset Library,1abbf87d-7134-8009-b486-e72163190269,Untitled,
168bf87d-7134-8041-946c-cb446d964b7f,Asset Library,175bf87d-7134-801f-b8cb-f25d960df299,Untitled,
168bf87d-7134-8041-946c-cb446d964b7f,Asset Library,170bf87d-7134-8035-aacb-c75da1a26863,Untitled,
168bf87d-7134-8041-946c-cb446d964b7f,Asset Library,168bf87d-7134-80b6-9c73-ee9e02de77d0,Untitled,
168bf87d-7134-8041-946c-cb446d964b7f,Asset Library,168bf87d-7134-80c9-893b-d43417591093,Untitled,
168bf87d-7134-8041-946c-cb446d964b7f,Asset Library,168bf87d-7134-80f6-92f6-d33dbfb78fcd,Untitled,
168bf87d-7134-8041-946c-cb446d964b7f,Asset Library,168bf87d-7134-8080-90f1-c3b2af456a08,Untitled,
261bf87d-7134-8056-b453-c7161eda8380,Time lines (2),261bf87d-7134-81e9-bcd2-ce33884456a0,Engineering,
261bf87d-7134-806d-9499-d6a040c09150,Time lines (1),261bf87d-7134-80a3-a0c9-fa37fd2383f0,Engineering,
192bf87d-7134-802a-b31f-c32b2884c1c3,Team Leaves Management,1babf87d-7134-809b-b78c-e60017daffa0,Untitled,
192bf87d-7134-802a-b31f-c32b2884c1c3,Team Leaves Management,1a4bf87d-7134-808e-a647-db5d3a76c348,Untitled,
192bf87d-7134-802a-b31f-c32b2884c1c3,Team Leaves Management,1a0bf87d-7134-80f2-8ee4-e0134384208a,Untitled,
192bf87d-7134-802a-b31f-c32b2884c1c3,Team Leaves Management,1a0bf87d-7134-80d2-972b-d877d5c868d1,Untitled,
192bf87d-7134-802a-b31f-c32b2884c1c3,Team Leaves Management,198bf87d-7134-8049-88c8-ffcd17098278,Untitled,
192bf87d-7134-802a-b31f-c32b2884c1c3,Team Leaves Management,192bf87d-7134-803f-aabd-d98fcd3ed9b1,Untitled,
1ecbf87d-7134-800d-a244-f6116476b166,Time lines (1),1ecbf87d-7134-8095-9b6f-d3c289ac5318,Engineering,
1be3a533-986f-4f6b-8189-486cc7eb4f2a,Time lines,1792ef51-ef8d-4df1-9682-9db461247f69,Product Thinking,
1be3a533-986f-4f6b-8189-486cc7eb4f2a,Time lines,46773875-bd02-4abe-81c0-478820bec5bb,In Design,
1be3a533-986f-4f6b-8189-486cc7eb4f2a,Time lines,7dd40c65-3771-49eb-85cc-38d92b68f37f,Engineering,
26abf87d-7134-8058-af65-d84db0aa95bf,Document Archive,226bf87d-7134-8086-b8b4-ce42992541da,Untitled,
26abf87d-7134-8058-af65-d84db0aa95bf,Document Archive,19fbf87d-7134-8077-aa70-feb9783a91ce,Untitled,
26abf87d-7134-8058-af65-d84db0aa95bf,Document Archive,193bf87d-7134-8054-a949-d5ee58ed04ac,Untitled,
26abf87d-7134-8058-af65-d84db0aa95bf,Document Archive,17fbf87d-7134-807c-b11b-fed15facb9b9,Untitled,
26abf87d-7134-8058-af65-d84db0aa95bf,Document Archive,fa071fea-b7df-4ff7-808d-dd1159f3cd6f,Untitled,
26abf87d-7134-8058-af65-d84db0aa95bf,Document Archive,113bf87d-7134-80e5-b59e-d6114dbd4d0a,Untitled,
26abf87d-7134-8058-af65-d84db0aa95bf,Document Archive,112bf87d-7134-808f-9fcd-eec1dfab2dd3,Untitled,
26abf87d-7134-8058-af65-d84db0aa95bf,Document Archive,112bf87d-7134-80b9-96e2-e90a3be42af6,Untitled,
26abf87d-7134-8058-af65-d84db0aa95bf,Document Archive,10abf87d-7134-80c2-be07-cddf5c7fc9ea,Untitled,
26abf87d-7134-8058-af65-d84db0aa95bf,Document Archive,d18e56a4-5c47-42db-bda8-70cbb31e3023,Untitled,
135bf87d-7134-811e-892c-e471e126b2fc,Product Roadmap,24ebf87d-7134-80aa-ae08-e87f26684e37,Untitled,
135bf87d-7134-811e-892c-e471e126b2fc,Product Roadmap,24ebf87d-7134-80c0-84a6-d108d50ec50a,Untitled,
135bf87d-7134-811e-892c-e471e126b2fc,Product Roadmap,24ebf87d-7134-80ac-9fa3-e6a006657209,Untitled,
135bf87d-7134-811e-892c-e471e126b2fc,Product Roadmap,241bf87d-7134-809c-92b4-f15242f69700,Untitled,
135bf87d-7134-811e-892c-e471e126b2fc,Product Roadmap,241bf87d-7134-80f6-a1f0-fba54043fab8,Untitled,
135bf87d-7134-811e-892c-e471e126b2fc,Product Roadmap,241bf87d-7134-80e8-a755-e1c61a3d6c9a,Untitled,
135bf87d-7134-811e-892c-e471e126b2fc,Product Roadmap,241bf87d-7134-8035-95e0-f2d4099df5c8,Untitled,Required for FlowHCM
135bf87d-7134-811e-892c-e471e126b2fc,Product Roadmap,241bf87d-7134-80c0-ab62-fcca206b7e40,Untitled,
135bf87d-7134-811e-892c-e471e126b2fc,Product Roadmap,241bf87d-7134-8027-a82e-cc9215a43eab,Untitled,
135bf87d-7134-811e-892c-e471e126b2fc,Product Roadmap,241bf87d-7134-80b8-b7f0-f3d49acc89a2,Untitled,18
135bf87d-7134-811e-892c-e471e126b2fc,Product Roadmap,241bf87d-7134-807f-bb07-ddee81e8f396,Untitled,
135bf87d-7134-811e-892c-e471e126b2fc,Product Roadmap,241bf87d-7134-804d-a30d-d7597ac55b24,Untitled,18
135bf87d-7134-811e-892c-e471e126b2fc,Product Roadmap,241bf87d-7134-800b-b699-da7a3f9a3bd8,Untitled,AHA for FlowHCM
135bf87d-7134-811e-892c-e471e126b2fc,Product Roadmap,241bf87d-7134-803a-b53a-c833c5ea0e67,Untitled,Required for FlowHCM
135bf87d-7134-811e-892c-e471e126b2fc,Product Roadmap,241bf87d-7134-802f-9107-cc52713493f8,Untitled,18
135bf87d-7134-811e-892c-e471e126b2fc,Product Roadmap,241bf87d-7134-80b5-9a54-e2ddab7129cd,Untitled,Required for FlowHCM
135bf87d-7134-811e-892c-e471e126b2fc,Product Roadmap,241bf87d-7134-8009-950b-c0e2ae043f83,Untitled,
135bf87d-7134-811e-892c-e471e126b2fc,Product Roadmap,232bf87d-7134-80d3-a30d-e23bae87543e,Untitled,
135bf87d-7134-811e-892c-e471e126b2fc,Product Roadmap,232bf87d-7134-8027-aa22-d2d1a2f34532,Untitled,
135bf87d-7134-811e-892c-e471e126b2fc,Product Roadmap,232bf87d-7134-807b-be61-d9acb0ea38e3,Untitled,
135bf87d-7134-811e-892c-e471e126b2fc,Product Roadmap,232bf87d-7134-80a7-936f-f549ea0db6b6,Untitled,
135bf87d-7134-811e-892c-e471e126b2fc,Product Roadmap,232bf87d-7134-80a0-9c93-fdee01aafae6,Untitled,
135bf87d-7134-811e-892c-e471e126b2fc,Product Roadmap,232bf87d-7134-802f-ab35-d3876996c0b7,Untitled,
135bf87d-7134-811e-892c-e471e126b2fc,Product Roadmap,232bf87d-7134-80dd-b564-ed124cd8589c,Untitled,
135bf87d-7134-811e-892c-e471e126b2fc,Product Roadmap,232bf87d-7134-802c-8fc8-cdf1a4957f95,Untitled,
135bf87d-7134-811e-892c-e471e126b2fc,Product Roadmap,226bf87d-7134-809e-a0b0-e8da2f62d161,Untitled,18
135bf87d-7134-811e-892c-e471e126b2fc,Product Roadmap,20fbf87d-7134-808b-bf34-fbd3df6f6961,Untitled,
135bf87d-7134-811e-892c-e471e126b2fc,Product Roadmap,20fbf87d-7134-80d6-92fd-ead76ee03e4e,Untitled,18
135bf87d-7134-811e-892c-e471e126b2fc,Product Roadmap,20fbf87d-7134-8036-8641-d0c19f7d16ca,Untitled,
135bf87d-7134-811e-892c-e471e126b2fc,Product Roadmap,20fbf87d-7134-80fa-a28b-ff41b6a030ad,Untitled,
135bf87d-7134-811e-892c-e471e126b2fc,Product Roadmap,20fbf87d-7134-8087-a8f0-e98c607762f1,Untitled,
135bf87d-7134-811e-892c-e471e126b2fc,Product Roadmap,20fbf87d-7134-807d-a2f3-e7c414d3e78f,Untitled,
135bf87d-7134-811e-892c-e471e126b2fc,Product Roadmap,20fbf87d-7134-8068-b02b-ff69d802b98c,Untitled,
135bf87d-7134-811e-892c-e471e126b2fc,Product Roadmap,20fbf87d-7134-8097-98cc-dc96cb63ad7e,Untitled,
135bf87d-7134-811e-892c-e471e126b2fc,Product Roadmap,20fbf87d-7134-801d-aabe-e81a8f442747,Untitled,
135bf87d-7134-811e-892c-e471e126b2fc,Product Roadmap,1fbbf87d-7134-8070-8342-f759dace4650,Untitled,
135bf87d-7134-811e-892c-e471e126b2fc,Product Roadmap,1ebbf87d-7134-8048-87fc-c816d145ab94,Untitled,
135bf87d-7134-811e-892c-e471e126b2fc,Product Roadmap,1ebbf87d-7134-80f3-aac1-e1f734741418,Untitled,
135bf87d-7134-811e-892c-e471e126b2fc,Product Roadmap,1ebbf87d-7134-801e-8459-eba5d57c01b7,Untitled,
135bf87d-7134-811e-892c-e471e126b2fc,Product Roadmap,1ebbf87d-7134-807f-9d47-e32a28115d01,Untitled,
135bf87d-7134-811e-892c-e471e126b2fc,Product Roadmap,1ebbf87d-7134-8059-ae76-da1841562d67,Untitled,
135bf87d-7134-811e-892c-e471e126b2fc,Product Roadmap,1abbf87d-7134-80e3-98db-d68c4484ed2e,Untitled,18
135bf87d-7134-811e-892c-e471e126b2fc,Product Roadmap,1abbf87d-7134-8013-9a43-e2397edb0ca3,Untitled,
135bf87d-7134-811e-892c-e471e126b2fc,Product Roadmap,190bf87d-7134-80c0-ab0a-df6d3e8efe83,Untitled,
135bf87d-7134-811e-892c-e471e126b2fc,Product Roadmap,190bf87d-7134-8084-a9f2-cdc8c9b086d8,Untitled,
135bf87d-7134-811e-892c-e471e126b2fc,Product Roadmap,190bf87d-7134-804a-96ee-e240c7e0576e,Untitled,
135bf87d-7134-811e-892c-e471e126b2fc,Product Roadmap,182bf87d-7134-80a6-a8a2-d28894ac6084,Untitled,
135bf87d-7134-811e-892c-e471e126b2fc,Product Roadmap,182bf87d-7134-808c-8aa0-c697602fe4fb,Untitled,
135bf87d-7134-811e-892c-e471e126b2fc,Product Roadmap,182bf87d-7134-80ad-a0c5-ccb4cc5e6a9b,Untitled,
135bf87d-7134-811e-892c-e471e126b2fc,Product Roadmap,182bf87d-7134-8087-9448-c4fbe580cf52,Untitled,
135bf87d-7134-811e-892c-e471e126b2fc,Product Roadmap,182bf87d-7134-80d7-b263-c7ce07449d3b,Untitled,
135bf87d-7134-811e-892c-e471e126b2fc,Product Roadmap,182bf87d-7134-8069-992e-c5ebfc788919,Untitled,
135bf87d-7134-811e-892c-e471e126b2fc,Product Roadmap,182bf87d-7134-80d4-9061-c3a52f2841b4,Untitled,
135bf87d-7134-811e-892c-e471e126b2fc,Product Roadmap,182bf87d-7134-800e-bf5c-dc54f864f063,Untitled,
135bf87d-7134-811e-892c-e471e126b2fc,Product Roadmap,182bf87d-7134-80dd-b962-e66316eda47a,Untitled,
135bf87d-7134-811e-892c-e471e126b2fc,Product Roadmap,182bf87d-7134-80f7-bf9a-cd2dd449283a,Untitled,
135bf87d-7134-811e-892c-e471e126b2fc,Product Roadmap,16ebf87d-7134-801c-9d04-f66d47edf8d6,Untitled,
135bf87d-7134-811e-892c-e471e126b2fc,Product Roadmap,15bbf87d-7134-808d-8470-c4864103e1e7,Untitled,
135bf87d-7134-811e-892c-e471e126b2fc,Product Roadmap,15bbf87d-7134-8031-a26e-c7a3b239e943,Untitled,
135bf87d-7134-811e-892c-e471e126b2fc,Product Roadmap,15bbf87d-7134-80df-b4ff-ee0f82b089b2,Untitled,
135bf87d-7134-811e-892c-e471e126b2fc,Product Roadmap,159bf87d-7134-802a-9d43-d4075ae7d0e9,Untitled,
135bf87d-7134-811e-892c-e471e126b2fc,Product Roadmap,150bf87d-7134-80e1-972d-d64cf594f851,Untitled,
135bf87d-7134-811e-892c-e471e126b2fc,Product Roadmap,138bf87d-7134-8061-9af3-e779628b24bf,Untitled,
135bf87d-7134-811e-892c-e471e126b2fc,Product Roadmap,136bf87d-7134-8022-829c-d64e79d6f829,Untitled,
135bf87d-7134-811e-892c-e471e126b2fc,Product Roadmap,136bf87d-7134-800c-9766-c10f07e71e09,Untitled,
135bf87d-7134-811e-892c-e471e126b2fc,Product Roadmap,136bf87d-7134-8093-b19f-ddbd42002d7b,Untitled,
135bf87d-7134-811e-892c-e471e126b2fc,Product Roadmap,136bf87d-7134-80cf-954a-c09b9b2af7d0,Untitled,
135bf87d-7134-811e-892c-e471e126b2fc,Product Roadmap,136bf87d-7134-8090-9b34-fe47ce5e02e3,Untitled,
135bf87d-7134-811e-892c-e471e126b2fc,Product Roadmap,136bf87d-7134-8045-b5ce-c174b513c590,Untitled,
135bf87d-7134-811e-892c-e471e126b2fc,Product Roadmap,136bf87d-7134-8045-b0a2-fdd926bc4e49,Untitled,
135bf87d-7134-811e-892c-e471e126b2fc,Product Roadmap,136bf87d-7134-802a-9b05-f78a9a711f22,Untitled,
135bf87d-7134-811e-892c-e471e126b2fc,Product Roadmap,135bf87d-7134-8185-b488-fbd8e19ec601,Untitled,@Team KNOCCS
135bf87d-7134-811e-892c-e471e126b2fc,Product Roadmap,135bf87d-7134-8164-9afc-d62937c79b41,Untitled,
135bf87d-7134-811e-892c-e471e126b2fc,Product Roadmap,135bf87d-7134-8194-ba01-ffee09e92677,Untitled,
217bf87d-7134-802f-9667-ce6a73b1fc1f,Customer Feedback,269bf87d-7134-801a-aab8-e808e26f0d1a,Untitled,TestTrick
217bf87d-7134-802f-9667-ce6a73b1fc1f,Customer Feedback,241bf87d-7134-80a1-9e0c-e3f268aec249,Untitled,Spursol Admin
217bf87d-7134-802f-9667-ce6a73b1fc1f,Customer Feedback,22dbf87d-7134-8096-9ffe-f642b1349662,Untitled,VL Success
217bf87d-7134-802f-9667-ce6a73b1fc1f,Customer Feedback,22dbf87d-7134-80d8-b53d-f12ae9a02ea2,Untitled,VL Success
217bf87d-7134-802f-9667-ce6a73b1fc1f,Customer Feedback,22dbf87d-7134-805f-871f-e182627375cc,Untitled,VL Success
217bf87d-7134-802f-9667-ce6a73b1fc1f,Customer Feedback,22dbf87d-7134-80aa-a27b-cb07d01d894c,Untitled,VL Success
217bf87d-7134-802f-9667-ce6a73b1fc1f,Customer Feedback,22dbf87d-7134-80f1-8266-ecb158c1f26c,Untitled,VL Success
217bf87d-7134-802f-9667-ce6a73b1fc1f,Customer Feedback,22dbf87d-7134-80cb-9a76-fce2da4a84eb,Untitled,VL Success
217bf87d-7134-802f-9667-ce6a73b1fc1f,Customer Feedback,22dbf87d-7134-8064-ad1d-ed2e432bffef,Untitled,VL Success
217bf87d-7134-802f-9667-ce6a73b1fc1f,Customer Feedback,22dbf87d-7134-80a1-92ba-d6af2067d08a,Untitled,VL Success
217bf87d-7134-802f-9667-ce6a73b1fc1f,Customer Feedback,22dbf87d-7134-80ad-a636-ddd623f2b34f,Untitled,VL Success
217bf87d-7134-802f-9667-ce6a73b1fc1f,Customer Feedback,22dbf87d-7134-805f-bf35-fdb799abb0b0,Untitled,VL Success
217bf87d-7134-802f-9667-ce6a73b1fc1f,Customer Feedback,22dbf87d-7134-806f-bbf6-e95cf473757a,Untitled,VL Success
217bf87d-7134-802f-9667-ce6a73b1fc1f,Customer Feedback,22dbf87d-7134-803c-a98b-ceff86b2f333,Untitled,VL Success
217bf87d-7134-802f-9667-ce6a73b1fc1f,Customer Feedback,224bf87d-7134-805d-b494-e4a4d1f414a7,Untitled,Wingmate
217bf87d-7134-802f-9667-ce6a73b1fc1f,Customer Feedback,222bf87d-7134-803d-b1e9-fc7ba64703f3,Untitled,TestTrick
217bf87d-7134-802f-9667-ce6a73b1fc1f,Customer Feedback,222bf87d-7134-8018-bb50-c5c91ae1932e,Untitled,TestTrick
217bf87d-7134-802f-9667-ce6a73b1fc1f,Customer Feedback,21ebf87d-7134-800f-a28d-c43493b8dae1,Untitled,TestTrick
217bf87d-7134-802f-9667-ce6a73b1fc1f,Customer Feedback,21ebf87d-7134-8049-ac88-ef2168c2ade9,Untitled,Wingmate
217bf87d-7134-802f-9667-ce6a73b1fc1f,Customer Feedback,21ebf87d-7134-80bf-8e46-cc4b0fef0daa,Untitled,Wingmate
26abf87d-7134-80fe-98ae-c7bb89989ee5,Time lines (1),26abf87d-7134-8050-aa1e-fda2a715a016,Engineering,
26abf87d-7134-8039-ab37-cc5f5dae0260,Time lines (1),26abf87d-7134-802b-aade-fbf915a0925e,Engineering,
26abf87d-7134-80d2-9937-e0b6c9adfbf4,Time lines (1),26abf87d-7134-8026-8804-cdf362bb033e,Engineering,
c15d03a4-8ea5-4109-a87b-1be204870db6,Search Timelines,7b92600c-78b3-4552-aa2e-4182c19e3698,Engineering,
c15d03a4-8ea5-4109-a87b-1be204870db6,Search Timelines,7b14665b-1d44-414b-8abb-2b1edd29a01d,Design,
c15d03a4-8ea5-4109-a87b-1be204870db6,Search Timelines,a3f381b3-4c15-46a9-88cf-b88e6f0b3a25,Product & experience thinking,
209bf87d-7134-8090-8bef-e1e9bd835265,Time lines (1),209bf87d-7134-802b-88cd-e97cc0d83b6f,Engineering,
135bf87d-7134-8198-b689-f33baf6d580e,Quarterly Goals,265bf87d-7134-80dc-8476-ce1fa09232ae,Untitled,
135bf87d-7134-8198-b689-f33baf6d580e,Quarterly Goals,24ebf87d-7134-806f-b273-e6a3e8f79ba7,Untitled,
135bf87d-7134-8198-b689-f33baf6d580e,Quarterly Goals,232bf87d-7134-8022-a81e-dd155fa3cdac,Untitled,
135bf87d-7134-8198-b689-f33baf6d580e,Quarterly Goals,20fbf87d-7134-80b5-bd54-fdabbc3c93a7,Untitled,
135bf87d-7134-8198-b689-f33baf6d580e,Quarterly Goals,1ebbf87d-7134-8014-95b0-c937a9b37fbf,Untitled,
135bf87d-7134-8198-b689-f33baf6d580e,Quarterly Goals,1abbf87d-7134-80ac-be90-cd8788ee4605,Untitled,
135bf87d-7134-8198-b689-f33baf6d580e,Quarterly Goals,136bf87d-7134-8072-9a2a-c09507b2f555,Untitled,
135bf87d-7134-8198-b689-f33baf6d580e,Quarterly Goals,135bf87d-7134-8194-94e8-df65c726b813,Untitled,
135bf87d-7134-8198-b689-f33baf6d580e,Quarterly Goals,135bf87d-7134-8106-949b-f546c1060463,Untitled,
262bf87d-7134-8156-bde5-f5200f713fcb,Untitled,262bf87d-7134-8159-aecb-c864613c50cf,Untitled,
262bf87d-7134-8156-bde5-f5200f713fcb,Untitled,262bf87d-7134-81dd-8d28-c3b8b01d9296,Untitled,
262bf87d-7134-8156-bde5-f5200f713fcb,Untitled,262bf87d-7134-811c-9b43-f6362578bfa1,Untitled,
262bf87d-7134-8156-bde5-f5200f713fcb,Untitled,262bf87d-7134-8124-b712-f768c2ebc650,Untitled,
262bf87d-7134-8156-bde5-f5200f713fcb,Untitled,262bf87d-7134-813b-8aad-e1f1d5f44ae3,Untitled,
262bf87d-7134-8156-bde5-f5200f713fcb,Untitled,262bf87d-7134-8164-94ff-dea83e43a482,Untitled,
262bf87d-7134-8156-bde5-f5200f713fcb,Untitled,262bf87d-7134-8170-a4be-c5e48b723b59,Untitled,
262bf87d-7134-8156-bde5-f5200f713fcb,Untitled,262bf87d-7134-8181-8426-efadd9319f3c,Untitled,no market place
262bf87d-7134-8156-bde5-f5200f713fcb,Untitled,262bf87d-7134-8181-a917-c9ceca0a5d9a,Untitled,
262bf87d-7134-8156-bde5-f5200f713fcb,Untitled,262bf87d-7134-8193-ae8b-f46258d45323,Untitled,
18abf87d-7134-8199-af73-f571726d1d28,Roadmap ,18abf87d-7134-8101-a41f-f638fcc9c3cd,Setup Team Inbox - Forwarder,
18abf87d-7134-8199-af73-f571726d1d28,Roadmap ,18abf87d-7134-8156-b344-dfa93263fa99,Client Hub + 360,
18abf87d-7134-8199-af73-f571726d1d28,Roadmap ,18abf87d-7134-815d-b62d-f2553f2a01f6,Untitled,
18abf87d-7134-8199-af73-f571726d1d28,Roadmap ,18abf87d-7134-8170-a295-e7569a514dd2,Onboarding FlowÂ ,
18abf87d-7134-8199-af73-f571726d1d28,Roadmap ,18abf87d-7134-8171-9889-f00d2ebfd243,Inbox Management,
18abf87d-7134-8199-af73-f571726d1d28,Roadmap ,18abf87d-7134-817f-bace-c77fb7f34a38,Settings layout,
18abf87d-7134-8199-af73-f571726d1d28,Roadmap ,18abf87d-7134-81a5-90d5-c48ab009087b,User management,
18abf87d-7134-8199-af73-f571726d1d28,Roadmap ,18abf87d-7134-814f-aa6c-d68b84fbe7c7,Setup Team Inbox - Integration,
18abf87d-7134-8199-af73-f571726d1d28,Roadmap ,18abf87d-7134-81c6-98af-e1e990b5559e,Engineering,
122bf87d-7134-815c-9e0e-ea1741ad0bfb,Time lines (1),122bf87d-7134-815f-ab45-ce9c5cfbc879,Engineering,
138bf87d-7134-811f-a9bc-d8759bcef14e,Time lines (1),138bf87d-7134-81bf-a166-e7e3bdea118c,Engineering,
126bf87d-7134-8144-bc01-d543505ef908,Time lines (1),126bf87d-7134-81fb-b23a-d4f009581c0a,Engineering,
24ebf87d-7134-80f4-96c5-e3e8d2b6d61f,Time lines (1),24ebf87d-7134-80db-b317-c86af2c71cfe,Engineering,
24ebf87d-7134-8084-b4f9-cc8f9e2a4dae,Time lines (1),24ebf87d-7134-80df-b319-ca0fe96aff16,Engineering,
23fbf87d-7134-80fa-921e-fae60a91860c,Time lines (1),23fbf87d-7134-8004-a2f0-ee62653314a0,Engineering,
209bf87d-7134-806e-af63-dd1b383444ac,Time lines (1),209bf87d-7134-80bf-8cfd-f6f03d6905c8,Engineering,
209bf87d-7134-803e-9a7d-d38dd9a8bd95,Time lines (1),209bf87d-7134-80d4-af72-c8f5dcba6202,Engineering,
135bf87d-7134-810c-a21b-d5f2b3f76606,Time lines (1),135bf87d-7134-81d3-b3c0-f885c8d87f39,Engineering,
150bf87d-7134-81cd-8b81-d42805f07b84,Time lines (1),150bf87d-7134-81a2-b43c-cd0a3cdaec1c,Engineering,
1c1bf87d-7134-8089-b981-d0f3253f7ce1,For Notes Owner (Notes Queue),1c1bf87d-7134-80a1-acc4-e888a5c0a550,Untitled,"No notifications will be triggered for anyone, however, the counter indicator will be displayed in their respective queue."
1c1bf87d-7134-8089-b981-d0f3253f7ce1,For Notes Owner (Notes Queue),1c1bf87d-7134-8030-864e-ca6f900a1cea,Untitled,"The note owner will receive a notification, and upon clicking it, they will be redirected to their Notes Queue."
1c1bf87d-7134-8044-b73b-e32a1e79a236,For Personal Inbox (Inbox Queue),1c1bf87d-7134-80c4-b350-e32d692dc52e,Untitled,"No notifications will be triggered for anyone, however, the counter indicator will be displayed in their respective queue."
1c1bf87d-7134-8044-b73b-e32a1e79a236,For Personal Inbox (Inbox Queue),1c1bf87d-7134-8051-ad6f-ec2599dc83ce,Untitled,"The personal inbox user will receive a notification, and upon clicking it, they will be redirected to their Personal Inbox Queue."
1c1bf87d-7134-8047-a3a2-f40b9ba198d2,For Collaborator (Looped-in Queue),1c1bf87d-7134-809b-bb87-e91c6b852b63,Untitled,"No notifications will be triggered for anyone, however, the counter indicator will be displayed in their respective queue."
1c1bf87d-7134-8047-a3a2-f40b9ba198d2,For Collaborator (Looped-in Queue),1c1bf87d-7134-8015-a4c5-dc4d1100731f,Untitled,"The user will be looped in and receive a notification, and upon clicking it, they will be redirected to their Looped-in Queue."
1c1bf87d-7134-8047-a3a2-f40b9ba198d2,For Collaborator (Looped-in Queue),1c1bf87d-7134-8075-b1ad-d82a434e9f23,Untitled,"No notifications will be triggered for anyone, however, the counter indicator will be displayed in their respective queue."
1c1bf87d-7134-8047-a3a2-f40b9ba198d2,For Collaborator (Looped-in Queue),1c1bf87d-7134-8032-a01b-f50f832b807a,Untitled,"The user will be looped in and receive a notification, and upon clicking it, they will be redirected to their Looped-in Queue."
1c1bf87d-7134-8047-a3a2-f40b9ba198d2,For Collaborator (Looped-in Queue),1c1bf87d-7134-8041-8cef-d8384919ccbf,Untitled,"No notifications will be triggered for anyone, however, the counter indicator will be displayed in their respective queue."
1c1bf87d-7134-8047-a3a2-f40b9ba198d2,For Collaborator (Looped-in Queue),1c1bf87d-7134-8096-9a41-edb75bdbb0bb,Untitled,"The user will be looped in and receive a notification, and upon clicking it, they will be redirected to their Looped-in Queue."
1c1bf87d-7134-8047-a3a2-f40b9ba198d2,For Collaborator (Looped-in Queue),1c1bf87d-7134-806a-a12d-e52dff292336,Untitled,"The user will be looped in and receive a notification, and upon clicking it, they will be redirected to their Looped-in Queue."
1c1bf87d-7134-8047-a3a2-f40b9ba198d2,For Collaborator (Looped-in Queue),1c1bf87d-7134-80ed-86bf-ce718033c189,Untitled,"No notifications will be triggered for anyone, however, the counter indicator will be displayed in their respective queue."
1c1bf87d-7134-8047-a3a2-f40b9ba198d2,For Collaborator (Looped-in Queue),1c1bf87d-7134-8052-b280-f5d1204a09ae,Untitled,"No notifications will be triggered for anyone, however, the counter indicator will be displayed in their respective queue."
1c1bf87d-7134-8047-a3a2-f40b9ba198d2,For Collaborator (Looped-in Queue),1c1bf87d-7134-8095-bf7e-db84de0890f3,Untitled,"The user will be looped in and receive a notification, and upon clicking it, they will be redirected to their Looped-in Queue."
1c1bf87d-7134-8047-a3a2-f40b9ba198d2,For Collaborator (Looped-in Queue),1c1bf87d-7134-80ec-84d8-d2cc14c34b79,Untitled,"The user will be looped in and receive a notification, and upon clicking it, they will be redirected to their Looped-in Queue."
1c1bf87d-7134-8047-a3a2-f40b9ba198d2,For Collaborator (Looped-in Queue),1c1bf87d-7134-806a-956e-f01f881cdb08,Untitled,"The user will receive a notification, and upon clicking it, they will be redirected to their Looped-in Queue."
1babf87d-7134-8086-80e9-d3c0f0969b95,For Assignee,1c1bf87d-7134-808a-8b24-d6d684a43474,Untitled,"No notifications will be triggered for anyone, however, the counter indicator will be displayed in their respective queue."
1babf87d-7134-8086-80e9-d3c0f0969b95,For Assignee,1babf87d-7134-80d7-90d5-de92f978defd,Untitled,"The assignee will receive a notification, and upon clicking it, they will be redirected to their Assigned Queue."
1bcbf87d-7134-8118-acac-ec6cabe7af90,Untitled,1bcbf87d-7134-812d-91be-c881bd3776d6,Untitled,
1bcbf87d-7134-8118-acac-ec6cabe7af90,Untitled,1bcbf87d-7134-8147-88ba-fd4db59ea270,Untitled,
1bcbf87d-7134-8118-acac-ec6cabe7af90,Untitled,1bcbf87d-7134-8194-b9e5-ea7a1bd1f22d,Untitled,
1bcbf87d-7134-8118-acac-ec6cabe7af90,Untitled,1bcbf87d-7134-8196-89d4-c2de20ee5d3f,Untitled,
1bcbf87d-7134-8118-acac-ec6cabe7af90,Untitled,1bcbf87d-7134-81b9-a585-e29dfad398b5,Untitled,
1bcbf87d-7134-8118-acac-ec6cabe7af90,Untitled,1bcbf87d-7134-81c8-9a97-d0ab3a514d55,Untitled,
1bcbf87d-7134-8118-acac-ec6cabe7af90,Untitled,1bcbf87d-7134-81f1-b0e4-d341d0dc5561,Untitled,
1bcbf87d-7134-8118-acac-ec6cabe7af90,Untitled,1bcbf87d-7134-81f6-883c-c1d446e8f1ad,Untitled,no market place
1bcbf87d-7134-8118-acac-ec6cabe7af90,Untitled,1bcbf87d-7134-81f7-b0a4-df8f49e68844,Untitled,
1bcbf87d-7134-8118-acac-ec6cabe7af90,Untitled,1bcbf87d-7134-81fa-8e92-ca1a22924b80,Untitled,
170bf87d-7134-8137-a6cd-d0a184d06cf0,Time lines (1),170bf87d-7134-815a-9da9-c5e188e86146,Engineering,
1adbf87d-7134-806c-913a-c747fc13fc51,ðŸ“Œ Prioritized Feature Table (P0-P3),1b6bf87d-7134-80f0-8f35-e0d0ab7cc064,Untitled,
1adbf87d-7134-806c-913a-c747fc13fc51,ðŸ“Œ Prioritized Feature Table (P0-P3),1aebf87d-7134-809f-a40b-ebaab01d6d9d,Untitled,P3
1adbf87d-7134-806c-913a-c747fc13fc51,ðŸ“Œ Prioritized Feature Table (P0-P3),1adbf87d-7134-800b-aa86-cab289511b89,Untitled,
1adbf87d-7134-806c-913a-c747fc13fc51,ðŸ“Œ Prioritized Feature Table (P0-P3),1adbf87d-7134-804d-8091-f081263a00d1,Untitled,P0
1adbf87d-7134-806c-913a-c747fc13fc51,ðŸ“Œ Prioritized Feature Table (P0-P3),1adbf87d-7134-80b6-b711-fb625de5b6ab,Untitled,P2
1adbf87d-7134-806c-913a-c747fc13fc51,ðŸ“Œ Prioritized Feature Table (P0-P3),1adbf87d-7134-80c6-bb8e-ef24fee1ee7c,Untitled,P1
1adbf87d-7134-806c-913a-c747fc13fc51,ðŸ“Œ Prioritized Feature Table (P0-P3),1adbf87d-7134-8017-86a0-e486ba7e1e09,Untitled,P0
1adbf87d-7134-806c-913a-c747fc13fc51,ðŸ“Œ Prioritized Feature Table (P0-P3),1adbf87d-7134-802e-9dd6-d56e770e3e2a,Untitled,P0
1adbf87d-7134-806c-913a-c747fc13fc51,ðŸ“Œ Prioritized Feature Table (P0-P3),1adbf87d-7134-803d-8e94-d54605d2fdec,Untitled,P1
1adbf87d-7134-806c-913a-c747fc13fc51,ðŸ“Œ Prioritized Feature Table (P0-P3),1adbf87d-7134-807f-9904-f3ae49265c85,Untitled,P2
1adbf87d-7134-806c-913a-c747fc13fc51,ðŸ“Œ Prioritized Feature Table (P0-P3),1adbf87d-7134-8098-8b99-cb36aa518093,Untitled,P0
1adbf87d-7134-806c-913a-c747fc13fc51,ðŸ“Œ Prioritized Feature Table (P0-P3),1adbf87d-7134-80a2-9a79-dbd47e2a6ec6,Untitled,P0
1adbf87d-7134-806c-913a-c747fc13fc51,ðŸ“Œ Prioritized Feature Table (P0-P3),1adbf87d-7134-80d4-a448-c6853c9f2e89,Untitled,P0
1adbf87d-7134-806c-913a-c747fc13fc51,ðŸ“Œ Prioritized Feature Table (P0-P3),1adbf87d-7134-807d-91b9-f2f478542559,Untitled,P2
1adbf87d-7134-806c-913a-c747fc13fc51,ðŸ“Œ Prioritized Feature Table (P0-P3),1adbf87d-7134-80ff-aa85-c8227c619607,Untitled,P2
1adbf87d-7134-806c-913a-c747fc13fc51,ðŸ“Œ Prioritized Feature Table (P0-P3),1adbf87d-7134-80e9-ba10-e7464eb72b66,Untitled,P1
1adbf87d-7134-806c-913a-c747fc13fc51,ðŸ“Œ Prioritized Feature Table (P0-P3),1adbf87d-7134-8082-9c4b-cc51ff316d33,Untitled,P1
1adbf87d-7134-806c-913a-c747fc13fc51,ðŸ“Œ Prioritized Feature Table (P0-P3),1adbf87d-7134-8019-b696-e6b270a33109,Untitled,P0
1adbf87d-7134-806c-913a-c747fc13fc51,ðŸ“Œ Prioritized Feature Table (P0-P3),1adbf87d-7134-8043-af79-ea106bc06a37,Untitled,P0
1adbf87d-7134-806c-913a-c747fc13fc51,ðŸ“Œ Prioritized Feature Table (P0-P3),1adbf87d-7134-801b-b88c-f308dcdccb6b,Untitled,P3
1adbf87d-7134-806c-913a-c747fc13fc51,ðŸ“Œ Prioritized Feature Table (P0-P3),1adbf87d-7134-8016-9001-cc312bfb0248,Untitled,P2
1adbf87d-7134-806c-913a-c747fc13fc51,ðŸ“Œ Prioritized Feature Table (P0-P3),1adbf87d-7134-801c-8569-d84b6b8e41b1,Untitled,
1adbf87d-7134-806c-913a-c747fc13fc51,ðŸ“Œ Prioritized Feature Table (P0-P3),1adbf87d-7134-8023-9f54-cf8349fb3f8d,Untitled,P2
1adbf87d-7134-806c-913a-c747fc13fc51,ðŸ“Œ Prioritized Feature Table (P0-P3),1adbf87d-7134-803c-8bda-cfef0b8fc0d1,Untitled,P1
1adbf87d-7134-806c-913a-c747fc13fc51,ðŸ“Œ Prioritized Feature Table (P0-P3),1adbf87d-7134-8094-ae39-c52d2784a40d,Untitled,P0
1adbf87d-7134-806c-913a-c747fc13fc51,ðŸ“Œ Prioritized Feature Table (P0-P3),1adbf87d-7134-80b8-89b7-cd26ce3d55e0,Untitled,P2
1adbf87d-7134-806c-913a-c747fc13fc51,ðŸ“Œ Prioritized Feature Table (P0-P3),1adbf87d-7134-80d9-be33-e4d566d30448,Untitled,P2
1adbf87d-7134-806c-913a-c747fc13fc51,ðŸ“Œ Prioritized Feature Table (P0-P3),1adbf87d-7134-80db-8146-fa779cf1edf7,Untitled,P2
1adbf87d-7134-806c-913a-c747fc13fc51,ðŸ“Œ Prioritized Feature Table (P0-P3),1adbf87d-7134-80f3-ada0-e602b09ec7fb,Untitled,
1adbf87d-7134-806c-913a-c747fc13fc51,ðŸ“Œ Prioritized Feature Table (P0-P3),1adbf87d-7134-8049-ac54-fa8acf1e321a,Untitled,P2
1adbf87d-7134-806c-913a-c747fc13fc51,ðŸ“Œ Prioritized Feature Table (P0-P3),1adbf87d-7134-807b-ae8b-f9d44e3d4466,Untitled,
1adbf87d-7134-806c-913a-c747fc13fc51,ðŸ“Œ Prioritized Feature Table (P0-P3),1adbf87d-7134-80a7-950c-d1ba6c040d78,Untitled,P0
1adbf87d-7134-806c-913a-c747fc13fc51,ðŸ“Œ Prioritized Feature Table (P0-P3),1adbf87d-7134-80d7-a007-fa3c34965e9d,Untitled,P2
1adbf87d-7134-806c-913a-c747fc13fc51,ðŸ“Œ Prioritized Feature Table (P0-P3),1adbf87d-7134-80d9-a55a-cfe5951a2474,Untitled,P1
1adbf87d-7134-806c-913a-c747fc13fc51,ðŸ“Œ Prioritized Feature Table (P0-P3),1adbf87d-7134-80dd-aec9-ccb507565dac,Untitled,
1adbf87d-7134-806c-913a-c747fc13fc51,ðŸ“Œ Prioritized Feature Table (P0-P3),1adbf87d-7134-80e0-8d44-f70ff3c43767,Untitled,P0
1adbf87d-7134-806c-913a-c747fc13fc51,ðŸ“Œ Prioritized Feature Table (P0-P3),1adbf87d-7134-80fd-a3ec-c2022a462633,Untitled,P0
1adbf87d-7134-806c-913a-c747fc13fc51,ðŸ“Œ Prioritized Feature Table (P0-P3),1adbf87d-7134-8029-88a8-e699c60fc705,Untitled,P0
1adbf87d-7134-806c-913a-c747fc13fc51,ðŸ“Œ Prioritized Feature Table (P0-P3),1adbf87d-7134-804b-a394-dbf0648a0e3b,Untitled,P0
1adbf87d-7134-806c-913a-c747fc13fc51,ðŸ“Œ Prioritized Feature Table (P0-P3),1adbf87d-7134-8051-806f-ece818f3c6ed,Untitled,P1
1adbf87d-7134-806c-913a-c747fc13fc51,ðŸ“Œ Prioritized Feature Table (P0-P3),1adbf87d-7134-809a-93b6-d7a994ed10f7,Untitled,P1
1adbf87d-7134-806c-913a-c747fc13fc51,ðŸ“Œ Prioritized Feature Table (P0-P3),1adbf87d-7134-80bb-a0d4-f267bed61c74,Untitled,P3
1adbf87d-7134-806c-913a-c747fc13fc51,ðŸ“Œ Prioritized Feature Table (P0-P3),1adbf87d-7134-80cc-81ae-f180c46ad1bb,Untitled,P0
1adbf87d-7134-806c-913a-c747fc13fc51,ðŸ“Œ Prioritized Feature Table (P0-P3),1adbf87d-7134-80fd-ad72-dc9731c5c9e8,Untitled,P2
1adbf87d-7134-806c-913a-c747fc13fc51,ðŸ“Œ Prioritized Feature Table (P0-P3),1adbf87d-7134-8000-bc2e-d7e637d7bbe7,Untitled,P0
1adbf87d-7134-806c-913a-c747fc13fc51,ðŸ“Œ Prioritized Feature Table (P0-P3),1adbf87d-7134-8002-9b16-ce21acb5d04e,Untitled,P1
1adbf87d-7134-806c-913a-c747fc13fc51,ðŸ“Œ Prioritized Feature Table (P0-P3),1adbf87d-7134-802c-a3fa-ea9194598c3b,Untitled,
1adbf87d-7134-806c-913a-c747fc13fc51,ðŸ“Œ Prioritized Feature Table (P0-P3),1adbf87d-7134-8053-8e20-d8bdab7a3905,Untitled,
1adbf87d-7134-806c-913a-c747fc13fc51,ðŸ“Œ Prioritized Feature Table (P0-P3),1adbf87d-7134-80dc-8677-d1753fe1b4f3,Untitled,P1
1adbf87d-7134-806c-913a-c747fc13fc51,ðŸ“Œ Prioritized Feature Table (P0-P3),1adbf87d-7134-80e1-9088-cc1cb71fe0cf,Untitled,P3
1adbf87d-7134-806c-913a-c747fc13fc51,ðŸ“Œ Prioritized Feature Table (P0-P3),1adbf87d-7134-80e1-b793-e14759e566b7,Untitled,
1adbf87d-7134-806c-913a-c747fc13fc51,ðŸ“Œ Prioritized Feature Table (P0-P3),1adbf87d-7134-8008-b438-d258a939c447,Untitled,P1
1adbf87d-7134-806c-913a-c747fc13fc51,ðŸ“Œ Prioritized Feature Table (P0-P3),1adbf87d-7134-801a-9e0c-f3da1cf98515,Untitled,P1
1adbf87d-7134-806c-913a-c747fc13fc51,ðŸ“Œ Prioritized Feature Table (P0-P3),1adbf87d-7134-809d-bb30-d0eaf9dce835,Untitled,P2
1adbf87d-7134-806c-913a-c747fc13fc51,ðŸ“Œ Prioritized Feature Table (P0-P3),1adbf87d-7134-80c4-9618-c491195de0bf,Untitled,P0
1adbf87d-7134-806c-913a-c747fc13fc51,ðŸ“Œ Prioritized Feature Table (P0-P3),1adbf87d-7134-80cc-afb5-eded6c80cfa4,Untitled,P3
1adbf87d-7134-806c-913a-c747fc13fc51,ðŸ“Œ Prioritized Feature Table (P0-P3),1adbf87d-7134-80d5-bdee-da5447877409,Untitled,P2
1adbf87d-7134-806c-913a-c747fc13fc51,ðŸ“Œ Prioritized Feature Table (P0-P3),1adbf87d-7134-8016-9b95-d0287cd7ce0d,Untitled,P1
1adbf87d-7134-806c-913a-c747fc13fc51,ðŸ“Œ Prioritized Feature Table (P0-P3),1adbf87d-7134-8053-a5dc-d7f4199d4860,Untitled,P2
1adbf87d-7134-806c-913a-c747fc13fc51,ðŸ“Œ Prioritized Feature Table (P0-P3),1adbf87d-7134-8069-8c24-fd8b79d4dffc,Untitled,
1adbf87d-7134-806c-913a-c747fc13fc51,ðŸ“Œ Prioritized Feature Table (P0-P3),1adbf87d-7134-806f-b7b7-fc7be968296a,Untitled,
1adbf87d-7134-806c-913a-c747fc13fc51,ðŸ“Œ Prioritized Feature Table (P0-P3),1adbf87d-7134-80b9-bf99-e43de159e8cb,Untitled,P2
1adbf87d-7134-806c-913a-c747fc13fc51,ðŸ“Œ Prioritized Feature Table (P0-P3),1adbf87d-7134-80dd-bc0a-e8e7a4031740,Untitled,P3
1adbf87d-7134-806c-913a-c747fc13fc51,ðŸ“Œ Prioritized Feature Table (P0-P3),1adbf87d-7134-800d-a799-e43e71c10f5a,Untitled,P3
1adbf87d-7134-806c-913a-c747fc13fc51,ðŸ“Œ Prioritized Feature Table (P0-P3),1adbf87d-7134-801d-be76-f130a84ca700,Untitled,P1
1adbf87d-7134-806c-913a-c747fc13fc51,ðŸ“Œ Prioritized Feature Table (P0-P3),1adbf87d-7134-802f-b6bb-fe157364a169,Untitled,P2
1adbf87d-7134-806c-913a-c747fc13fc51,ðŸ“Œ Prioritized Feature Table (P0-P3),1adbf87d-7134-807c-9035-d41374cea5f7,Untitled,
1adbf87d-7134-806c-913a-c747fc13fc51,ðŸ“Œ Prioritized Feature Table (P0-P3),1adbf87d-7134-80ad-8960-ddc05f3b6a84,Untitled,P3
1adbf87d-7134-806c-913a-c747fc13fc51,ðŸ“Œ Prioritized Feature Table (P0-P3),1adbf87d-7134-80cd-97ab-f31b9825e079,Untitled,P1
1adbf87d-7134-806c-913a-c747fc13fc51,ðŸ“Œ Prioritized Feature Table (P0-P3),1adbf87d-7134-8065-9a10-d2d91c597c80,Untitled,
1adbf87d-7134-806c-913a-c747fc13fc51,ðŸ“Œ Prioritized Feature Table (P0-P3),1adbf87d-7134-807e-b5a5-f48f0124db5b,Untitled,P3
1adbf87d-7134-806c-913a-c747fc13fc51,ðŸ“Œ Prioritized Feature Table (P0-P3),1adbf87d-7134-80d1-8f3b-ec668c9c4645,Untitled,P1
1adbf87d-7134-806c-913a-c747fc13fc51,ðŸ“Œ Prioritized Feature Table (P0-P3),1adbf87d-7134-80e0-aa71-ef60ddca78eb,Untitled,P3
1adbf87d-7134-806c-913a-c747fc13fc51,ðŸ“Œ Prioritized Feature Table (P0-P3),1adbf87d-7134-803d-b060-e0f80e9183e8,Untitled,P0
1adbf87d-7134-806c-913a-c747fc13fc51,ðŸ“Œ Prioritized Feature Table (P0-P3),1adbf87d-7134-80aa-8cbe-e0145d041231,Untitled,P2
1adbf87d-7134-806c-913a-c747fc13fc51,ðŸ“Œ Prioritized Feature Table (P0-P3),1adbf87d-7134-80aa-a50b-eb1e708f3adf,Untitled,P0
1adbf87d-7134-806c-913a-c747fc13fc51,ðŸ“Œ Prioritized Feature Table (P0-P3),1adbf87d-7134-80b3-b278-fc5e4506be69,Untitled,P0
1adbf87d-7134-806c-913a-c747fc13fc51,ðŸ“Œ Prioritized Feature Table (P0-P3),1adbf87d-7134-809c-9d49-c0843125e827,Untitled,P2
1adbf87d-7134-806c-913a-c747fc13fc51,ðŸ“Œ Prioritized Feature Table (P0-P3),1adbf87d-7134-80fa-addb-d822d310d4ff,Untitled,
1a4bf87d-7134-8172-806e-d6c25a257127,Untitled,1a4bf87d-7134-8192-8e22-f1057ce3ff80,Untitled,no market place
1a4bf87d-7134-8172-806e-d6c25a257127,Untitled,1a4bf87d-7134-81c6-8b54-eef899aaa54d,Untitled,
1a4bf87d-7134-8172-806e-d6c25a257127,Untitled,1a4bf87d-7134-8121-934f-dc8856d5b6c7,Untitled,
1a4bf87d-7134-8172-806e-d6c25a257127,Untitled,1a4bf87d-7134-8128-8c96-d3d92c4fd038,Untitled,
1a4bf87d-7134-8172-806e-d6c25a257127,Untitled,1a4bf87d-7134-8152-bf7c-fc874f831d5e,Untitled,
1a4bf87d-7134-8172-806e-d6c25a257127,Untitled,1a4bf87d-7134-816c-aa5b-cee1bc3e2224,Untitled,
1a4bf87d-7134-8172-806e-d6c25a257127,Untitled,1a4bf87d-7134-8197-9845-c9171a162a39,Untitled,
1a4bf87d-7134-8172-806e-d6c25a257127,Untitled,1a4bf87d-7134-81ae-96a2-f91c93c35b47,Untitled,
1a4bf87d-7134-8172-806e-d6c25a257127,Untitled,1a4bf87d-7134-81e4-9d0f-cbf423b5d20d,Untitled,
1a4bf87d-7134-8172-806e-d6c25a257127,Untitled,1a4bf87d-7134-81f9-b786-c33f6c5c6278,Untitled,
12ebf87d-7134-8156-a7cc-f284627ec76f,Time lines (1),1a0bf87d-7134-8032-9b9b-df8769024233,Untitled,
12ebf87d-7134-8156-a7cc-f284627ec76f,Time lines (1),134bf87d-7134-8048-bb6b-daba22f11374,Untitled,
12ebf87d-7134-8156-a7cc-f284627ec76f,Time lines (1),12ebf87d-7134-81d4-9c06-dff3fb0aa8bf,Engineering,
184bf87d-7134-81ba-ad59-c6182160a945,Time lines (1),184bf87d-7134-8147-91a9-d4f0ff5b2bcb,Engineering,
15bbf87d-7134-8170-b029-c7fdeb60784e,Untitled,15bbf87d-7134-8103-ac0e-cb686b1c66cb,Untitled,
15bbf87d-7134-8170-b029-c7fdeb60784e,Untitled,15bbf87d-7134-811f-bd27-f4b679608d1a,Untitled,
15bbf87d-7134-8170-b029-c7fdeb60784e,Untitled,15bbf87d-7134-812c-b168-d84d7797e655,Untitled,
15bbf87d-7134-8170-b029-c7fdeb60784e,Untitled,15bbf87d-7134-814c-ae53-ffe44dcce105,Untitled,
15bbf87d-7134-8170-b029-c7fdeb60784e,Untitled,15bbf87d-7134-8154-9c5c-e2bf05395091,Untitled,
15bbf87d-7134-8170-b029-c7fdeb60784e,Untitled,15bbf87d-7134-8166-b024-e590012f865c,Untitled,
15bbf87d-7134-8170-b029-c7fdeb60784e,Untitled,15bbf87d-7134-81cc-b5f6-d522c77d473e,Untitled,no market place
15bbf87d-7134-8170-b029-c7fdeb60784e,Untitled,15bbf87d-7134-81dc-bb86-ef1780537497,Untitled,
15bbf87d-7134-8170-b029-c7fdeb60784e,Untitled,15bbf87d-7134-81f9-8cdf-ddfcb3dbb72a,Untitled,
15bbf87d-7134-8170-b029-c7fdeb60784e,Untitled,15bbf87d-7134-81fb-9b6f-e405b1a4f6cc,Untitled,
113bf87d-7134-811e-97bb-fa7f4100ce69,Sprint Information,113bf87d-7134-80cb-b9a5-cb95fabd9ac6,Untitled,"Sprint-13 is in the backlog with a requirements close date of December 12, 2024, and is scheduled to start on December 23, 2024, and end on January 17, 2025. Project tasks are not specified."
113bf87d-7134-811e-97bb-fa7f4100ce69,Sprint Information,113bf87d-7134-8192-afc0-d3c00c8edc82,Untitled,Rameez & Uzair
113bf87d-7134-811e-97bb-fa7f4100ce69,Sprint Information,113bf87d-7134-819b-9bad-c2bfb4a1eb86,Untitled,Product and Engineering
113bf87d-7134-811e-97bb-fa7f4100ce69,Sprint Information,113bf87d-7134-8112-9a3d-fd932cede23d,Untitled,No content
113bf87d-7134-811e-97bb-fa7f4100ce69,Sprint Information,113bf87d-7134-81bf-b7f8-cbeb4c21775f,Untitled,Rameez & Uzair
137bf87d-7134-81be-90cd-fc0051b528b2,Time lines (1),137bf87d-7134-81a1-9015-cf11372691e9,Engineering,
137bf87d-7134-814a-b56c-cd26697aa9f8,Time lines (1),137bf87d-7134-8198-8289-e47e2ffd1633,Engineering,
137bf87d-7134-8146-91d9-fb6b8bcb075f,Time lines (1),137bf87d-7134-8182-8279-f5b5223f8490,Engineering,
137bf87d-7134-81b9-afc4-cde5a1e2767d,Time lines (1),137bf87d-7134-8145-8bd2-ce19a3e37bbb,Engineering,
123bf87d-7134-818c-986f-c109aabc74af,Untitled,123bf87d-7134-812c-8a94-e77191141665,Untitled,
123bf87d-7134-818c-986f-c109aabc74af,Untitled,123bf87d-7134-811c-b1be-f6fb08591414,Untitled,
123bf87d-7134-818c-986f-c109aabc74af,Untitled,123bf87d-7134-8175-8712-d3f255239e8d,Untitled,
123bf87d-7134-818c-986f-c109aabc74af,Untitled,123bf87d-7134-818a-b8eb-fd4b7dac99b7,Untitled,
123bf87d-7134-818c-986f-c109aabc74af,Untitled,123bf87d-7134-81b2-b2f1-ec2badc5681a,Untitled,
123bf87d-7134-818c-986f-c109aabc74af,Untitled,123bf87d-7134-81bd-8aa6-d447c6fbd329,Untitled,
123bf87d-7134-818c-986f-c109aabc74af,Untitled,123bf87d-7134-811c-9426-c615f1288f29,Untitled,
123bf87d-7134-818c-986f-c109aabc74af,Untitled,123bf87d-7134-812a-a5f7-db17a9dcdecd,Untitled,
123bf87d-7134-81f9-be88-cf89ae1bcb31,Untitled,123bf87d-7134-8113-aa3b-dd00b1c75bed,Untitled,
123bf87d-7134-81f9-be88-cf89ae1bcb31,Untitled,123bf87d-7134-8120-8462-d42e3299bc8d,Untitled,no market place
123bf87d-7134-81f9-be88-cf89ae1bcb31,Untitled,123bf87d-7134-8123-9235-f7394bf14307,Untitled,
123bf87d-7134-81f9-be88-cf89ae1bcb31,Untitled,123bf87d-7134-8130-986f-ebaabbd4942b,Untitled,
123bf87d-7134-81f9-be88-cf89ae1bcb31,Untitled,123bf87d-7134-8179-b012-db63d5750088,Untitled,
123bf87d-7134-81f9-be88-cf89ae1bcb31,Untitled,123bf87d-7134-81a0-98e7-dd34a0069c11,Untitled,
123bf87d-7134-81f9-be88-cf89ae1bcb31,Untitled,123bf87d-7134-81ad-bbfa-eb71c709c696,Untitled,
123bf87d-7134-81f9-be88-cf89ae1bcb31,Untitled,123bf87d-7134-81b3-980e-fa85456861bb,Untitled,
123bf87d-7134-81f9-be88-cf89ae1bcb31,Untitled,123bf87d-7134-81d6-9b3c-cc06f767f86a,Untitled,
123bf87d-7134-81f9-be88-cf89ae1bcb31,Untitled,123bf87d-7134-81fe-8f1e-eaa046919212,Untitled,
113bf87d-7134-813b-894d-f9aeb41a5fa8,Deliverables,113bf87d-7134-8196-a366-ed02c3dceb76,Untitled,
113bf87d-7134-813b-894d-f9aeb41a5fa8,Deliverables,113bf87d-7134-8148-bb62-d7513ee7dc0d,Untitled,
113bf87d-7134-813b-894d-f9aeb41a5fa8,Deliverables,113bf87d-7134-8154-95b4-eb3d20d8d776,Untitled,
113bf87d-7134-813b-894d-f9aeb41a5fa8,Deliverables,113bf87d-7134-810a-8f37-d066c01f7de3,Untitled,
113bf87d-7134-813b-894d-f9aeb41a5fa8,Deliverables,113bf87d-7134-8199-9659-ec598eef3b84,Untitled,
113bf87d-7134-813b-894d-f9aeb41a5fa8,Deliverables,113bf87d-7134-8135-b591-e853efb507dd,Untitled,
113bf87d-7134-813b-894d-f9aeb41a5fa8,Deliverables,113bf87d-7134-8174-bc03-d36615e8642d,Untitled,
113bf87d-7134-813b-894d-f9aeb41a5fa8,Deliverables,113bf87d-7134-8116-9c55-d23793e8e8f6,Untitled,
113bf87d-7134-813b-894d-f9aeb41a5fa8,Deliverables,113bf87d-7134-8186-aa3e-d458adc13429,Untitled,
113bf87d-7134-813b-894d-f9aeb41a5fa8,Deliverables,113bf87d-7134-8121-bbbf-f69aa3fb0175,Untitled,
113bf87d-7134-813b-894d-f9aeb41a5fa8,Deliverables,113bf87d-7134-811a-992a-f4d86f4bdbb6,Untitled,
113bf87d-7134-813b-894d-f9aeb41a5fa8,Deliverables,113bf87d-7134-81cb-820e-f0375302a05d,Untitled,
113bf87d-7134-813b-894d-f9aeb41a5fa8,Deliverables,113bf87d-7134-819e-8845-e16813e294c0,Untitled,
113bf87d-7134-813b-894d-f9aeb41a5fa8,Deliverables,113bf87d-7134-8155-8823-d2fecd45be25,Untitled,
113bf87d-7134-813b-894d-f9aeb41a5fa8,Deliverables,113bf87d-7134-8186-8030-e94b1edf4c12,Untitled,
2c5582ce-c63d-4ef7-b257-0279a4a8ae44,Time lines (1),1479c667-e277-466b-a653-6f7e54ae8e63,Engineering,
d2a31cf7-5d55-491a-bf9a-380e76a3e83b,Untitled,189c8e7c-5a1c-49b1-be92-c75b8924980f,Untitled,
d2a31cf7-5d55-491a-bf9a-380e76a3e83b,Untitled,1ba79e81-b950-4826-aa90-d246b0a07fd3,Untitled,
d2a31cf7-5d55-491a-bf9a-380e76a3e83b,Untitled,a37bec0d-f966-4ae9-bbcc-2bae421a9af6,Untitled,
d2a31cf7-5d55-491a-bf9a-380e76a3e83b,Untitled,b658b9c7-34b7-4863-8f01-002cfb538e2c,Untitled,
d2a31cf7-5d55-491a-bf9a-380e76a3e83b,Untitled,d9adf5d5-4ff9-4914-9fbe-75f4d79081a6,Untitled,
d2a31cf7-5d55-491a-bf9a-380e76a3e83b,Untitled,df07fdff-24bc-416b-afc5-5731ab7e18fc,Untitled,
d2a31cf7-5d55-491a-bf9a-380e76a3e83b,Untitled,fbfd5795-f420-4d7f-83a5-a83df74e8393,Untitled,
d2a31cf7-5d55-491a-bf9a-380e76a3e83b,Untitled,2035c302-65e5-4948-8a59-5d2eee75e8cf,Untitled,
d2a31cf7-5d55-491a-bf9a-380e76a3e83b,Untitled,423a41e1-7a16-47fb-9ea1-4b49ca0be143,Untitled,
d2a31cf7-5d55-491a-bf9a-380e76a3e83b,Untitled,4d9cc1b6-6763-43a7-b8d7-335e17149fb9,Untitled,
d2a31cf7-5d55-491a-bf9a-380e76a3e83b,Untitled,d61c2bbf-2839-4a4d-8dd1-aa62476c2c32,Untitled,
622da54d-90f6-456a-aed1-aee729873eee,Untitled,26038661-ad5f-4df5-8e9f-d99098ae8a03,Untitled,
622da54d-90f6-456a-aed1-aee729873eee,Untitled,9ee1220c-0228-4a9e-b325-c741d8279e7a,Untitled,
622da54d-90f6-456a-aed1-aee729873eee,Untitled,e1ff4d00-0edb-4a4e-9d6d-3c10dde8549f,Untitled,
4e439c1a-d942-43ec-b4f3-f0afe51cbe24,Untitled,672d15e9-e9b6-4bc9-9881-96e251206e44,Untitled,
f0867aa7-99e0-4249-8e0a-2bc56b10f035,Untitled,04286ace-0f74-4389-b79a-788c03cfe43c,Untitled,v1
f0867aa7-99e0-4249-8e0a-2bc56b10f035,Untitled,08f551ee-5950-45d4-a387-fd9b286142d5,Untitled,v1
f0867aa7-99e0-4249-8e0a-2bc56b10f035,Untitled,22af65b8-5b2a-4331-a2eb-af35e9ae9e9b,Untitled,v1
f0867aa7-99e0-4249-8e0a-2bc56b10f035,Untitled,2b7758e1-46f5-4558-a4d1-31f19fa0c1a4,Untitled,v1
f0867aa7-99e0-4249-8e0a-2bc56b10f035,Untitled,2b8a4765-ca20-412a-a6cc-5d2e66ee8856,Untitled,v1
f0867aa7-99e0-4249-8e0a-2bc56b10f035,Untitled,3c099627-ce2a-4ffd-968d-92a85d7ec793,Untitled,v2
f0867aa7-99e0-4249-8e0a-2bc56b10f035,Untitled,3dbbc4e0-fb3c-4418-a5bf-59ed39fcf172,Untitled,v2
f0867aa7-99e0-4249-8e0a-2bc56b10f035,Untitled,77734a52-5fae-41da-9b3d-e820de26b0e7,Untitled,v2
f0867aa7-99e0-4249-8e0a-2bc56b10f035,Untitled,8ac25d14-d432-498c-bf2c-2afb80418285,Untitled,v2
f0867aa7-99e0-4249-8e0a-2bc56b10f035,Untitled,a228a87b-8331-4a63-8d1f-ec81a027de2d,Untitled,
f0867aa7-99e0-4249-8e0a-2bc56b10f035,Untitled,a6a239c0-7dd6-491f-b382-add57497d447,Untitled,v1
f0867aa7-99e0-4249-8e0a-2bc56b10f035,Untitled,ada1c66f-ad9a-413f-ac25-830ff8b978be,Untitled,v2
f0867aa7-99e0-4249-8e0a-2bc56b10f035,Untitled,b86271da-05d4-4895-a2d5-e0e92e581ed6,Untitled,v2
f0867aa7-99e0-4249-8e0a-2bc56b10f035,Untitled,c68ceaf6-eb59-4ba0-8cc2-ccdb19632dae,Untitled,v1
f0867aa7-99e0-4249-8e0a-2bc56b10f035,Untitled,d2acb5a1-448a-45a5-89c0-df5991a6247f,Untitled,v1
f0867aa7-99e0-4249-8e0a-2bc56b10f035,Untitled,fcc3d248-5464-4d46-856f-9f9f29468703,Untitled,v1
f0867aa7-99e0-4249-8e0a-2bc56b10f035,Untitled,0ab7398e-4da2-42bf-b104-66a75f6ce6f7,Untitled,v1
f0867aa7-99e0-4249-8e0a-2bc56b10f035,Untitled,f8728258-bca2-4c48-b554-fdb0f3c77bce,Untitled,v1
4c2084da-35c9-40fa-b803-56057cec54c8,Untitled,0a5a45d7-8804-4603-81b1-0e42384a8e58,Untitled,v1
4c2084da-35c9-40fa-b803-56057cec54c8,Untitled,0d4b9eb7-ce18-4c17-b5b9-4e26de7dd328,Untitled,v1
4c2084da-35c9-40fa-b803-56057cec54c8,Untitled,42f78bff-e6ff-4a2c-9132-f5627993eb1b,Untitled,v1
4c2084da-35c9-40fa-b803-56057cec54c8,Untitled,5ab3c56c-f9ec-48df-bb6c-2d663576f92b,Untitled,v1
4c2084da-35c9-40fa-b803-56057cec54c8,Untitled,757c92e9-74ba-41f4-b084-9a137f55e6b1,Untitled,v1
4c2084da-35c9-40fa-b803-56057cec54c8,Untitled,8ca3748b-7a76-4b5d-8633-29a7be8187a3,Untitled,v1
4c2084da-35c9-40fa-b803-56057cec54c8,Untitled,a7ed6a83-6db0-4da2-952a-129d8ad90331,Untitled,v1
4c2084da-35c9-40fa-b803-56057cec54c8,Untitled,bffe0130-f497-445f-ab3f-dc3134d635c7,Untitled,v2
4c2084da-35c9-40fa-b803-56057cec54c8,Untitled,cef907a1-18a5-4d4e-8f70-05e4ad19a556,Untitled,v1
4c2084da-35c9-40fa-b803-56057cec54c8,Untitled,deb28f7e-35b0-49e7-ad5b-7e4163d45ff4,Untitled,v1
4c2084da-35c9-40fa-b803-56057cec54c8,Untitled,2378cba8-3d52-4ee0-8df4-70e6e29d19ee,Untitled,v1
4c2084da-35c9-40fa-b803-56057cec54c8,Untitled,3b6901ae-7e6f-4b1b-bbde-23b3261b6e3d,Untitled,v1
4c2084da-35c9-40fa-b803-56057cec54c8,Untitled,49f2cdb9-3f8f-4805-bd1f-3a36c4a38955,Untitled,v2
4c2084da-35c9-40fa-b803-56057cec54c8,Untitled,53ce078b-c4d4-4f26-9620-33f6446f175c,Untitled,
4c2084da-35c9-40fa-b803-56057cec54c8,Untitled,83bf8484-8bea-49b0-a6ff-247f3ba7cfd8,Untitled,v2
4c2084da-35c9-40fa-b803-56057cec54c8,Untitled,85526d2a-8fc7-411a-bfeb-7532dc6b077f,Untitled,v2
4c2084da-35c9-40fa-b803-56057cec54c8,Untitled,887e6de9-5831-4c32-82c4-33b6de7ef55d,Untitled,v2
4c2084da-35c9-40fa-b803-56057cec54c8,Untitled,a97d308d-5e21-4d02-95af-a6a753f45914,Untitled,v2
5c263ff1-52e1-4afa-93d4-c0eb26e31c51,Untitled,d1fbbad8-c4d5-40e2-a7dc-3ad8310105a0,Untitled,
